{
    "width": 2976, 
    "height": 3968, 
    "fx": 3086.2376550932377, 
    "fy": 3088.02061872695, 
    "cx": 1505.8410241451081, 
    "cy": 1979.7113307961106, 
    "k1": 5.296461358711717, 
    "k2": -42.15074132992513, 
    "p1": 1.7589655961287184e-05, 
    "p2": 0.0015476155591411344, 
    "k3": 288.3358508100781, 
    "k4": 4.84911942993906, 
    "k5": -39.26177152896127, 
    "k6": 279.99576208535825, 
    "s1": -0.006569786125108428, 
    "s2": 0.009651766026595093, 
    "s3": 0.0007013414405918815, 
    "s4": -0.0016217961570759766
}